slug,nom_scientifique,ordre,famille,nom_commun,worms_aphia_id
abronica-cf-payaso,▪️ Abronica cf payaso,Aeolida,Facelinidae,,
actinocyclus-verrucosus,◽Actinocyclus verrucosus,Doridida,Actinocyclidae,,527814
aegires-cf-incusus,▫️Aegires cf incusus,Doridida,Aegiridae,,
aegires-exeches,▪️ Aegires exeches,Doridida,Aegiridae,,388696
aegires-pruvotfolae,▪️ Aegires pruvotfolae,Doridida,Aegiridae,,531078
aegires-sp.1,▪️ Aegires sp.1,Doridida,Aegiridae,,
aeolid-non-identifié-sp.4,▪️ Aeolid non identifié sp.4,Aeolida,,,sp_non_decrite
anaspidea-non-identifié-sp.1,▪️ Anaspidea non identifié sp.1,Aplysiida,,,sp_non_decrite
anteaeolidiella-sp.1,▪️ Anteaeolidiella sp.1,Aeolida,Aeolidiidae,,
aplustrum-amplustre,▪️ Aplustrum amplustre,Cephalaspidea,Aplustridae,,215418
aplysia-argus,▪️ Aplysia argus,Aplysiida,Aplysiidae,,730434
aplysia-cf-parvula,▪️ Aplysia cf parvula,Aplysiida,Aplysiidae,,
aplysia-sp.1,▪️ Aplysia sp.1,Aplysiida,Aplysiidae,,
ardeodoris-angustolutea,▪️ Ardeodoris angustolutea,Doridida,Chromodorididae,,597314
ardeodoris-sp.-1,Ardeodoris sp.1,Doridida,Chromodorididae,,
ardeodoris-sp.-2,▪️ Ardeodoris sp.2,Doridida,Chromodorididae,,
atagema-cf-osseosa,▪️ Atagema cf osseosa,Doridida,Discodorididae,,
atagema-sp.-3,Atagema sp. 3,Doridida,Discodorididae,,137659
atagema-sp.-4,▪️ Atagema sp. 4,Doridida,Discodorididae,,
atys-kuhnsi,▪️ Atys kuhnsi,Cephalaspidea,Haminoeidae,,
atys-multistriatus,▪️ Atys multistriatus,Cephalaspidea,Haminoeidae,,
atys-semistriatus,▪️ Atys semistriatus,Cephalaspidea,Haminoeidae,,1396825
atys-sp.1,▪️ Atys sp.1,Cephalaspidea,Haminoeidae,,
babakina-indopacifica,▪️ Babakina indopacifica,Aeolida,Babakinidae,,457532
baeolidia-scottjohnsoni,▪️ Baeolidia scottjohnsoni,Aeolida,Aeolidiidae,,
baeolidia-sp.1,▪️ Baeolidia sp.1,Aeolida,Aeolidiidae,,
bornella-pele,Bornella pele,Dendronotida,Bornellidae,,458160
berthella-stellata,Berthella stellata,Pleurobranchida,Pleurobranchidae,,140814
berthellina-delicata,Berthellina delicata,Pleurobranchida,Pleurobranchidae,,863427
berthelinia-cf-pseudochloris,▫️Berthelinia cf pseudochloris,Sacoglossa,Juliidae,,
berthella-sp.-1,Berthella sp. 1,Pleurobranchida,Pleurobranchidae,,138361
berthella-sp.-2,▪️ Berthella sp.2,Pleurobranchida,Pleurobranchidae,,
biuve-cf-fulvipunctata,Biuve cf fulvipunctata,Cephalaspidea,Aglajidae,,
biuve-sp.1,biuve-sp#1,Cephalaspidea,Aglajidae,,
bornella-stellifer,Bornella stellifer,Dendronotida,Bornellidae,,404964
bulbaeolidia-alba,Bulbaeolidia alba,Aeolida,Aeolidiidae,,730446
bulla-orientalis,Bulla orientalis,Cephalaspidea,Bullidae,,510402
bulla-vernicosa,▪️ Bulla vernicosa,Cephalaspidea,Bullidae,,510448
bullina-nobilis,Bullina lineata,Cephalaspidea,Aplustridae,,510952
bullina-sp.-1,Bullina sp.1,Cephalaspidea,Aplustridae,,204861
caloria-indica,Caloria indica,Aeolida,Facelinidae,,181240
caloria-sp.-1,Caloria sp. 1,Aeolida,Facelinidae,,137996
carminodoris-flammea,Carminodoris flammea,Doridida,Discodorididae,,872611
cephalopyge-trematoides,Cephalopyge trematoides,Dendronotida,Phylliroidae,,140776
ceratosoma-miamirana,Ceratosoma miamirana (Miamira miamirana),Doridida,Chromodorididae,,597463
cerberilla-albopuncata,Cerberilla albopunctata,Aeolida,,,599579
cerberilla-annulata,Cerberilla annulata,Aeolida,Aeolidiidae,,599580
cerberilla-sp.-1,Cerberilla sp. 1,Aeolida,Aeolidiidae,,137634
cerberilla-sp.-2,Cerberilla sp. 2,Aeolida,Aeolidiidae,,137634
chelidonura-alisonae,Chelidonura alisonae,Cephalaspidea,Aglajidae,,559045
chelidonura-hirundinina,▪️ Chelidonura hirundinina,Cephalaspidea,Aglajidae,Céphalaspide-sangsue,420528
chelidonura-sp.1,▪️ Chelidonura sp.1,Cephalaspidea,Aglajidae,,
chromodoris-aspersa,Chromodoris aspersa,Doridida,Chromodorididae,Doris aspergée,558319
chromodoris-lochi,Chromodoris lochi,Doridida,Chromodorididae,,558198
chromodoris-willani,Chromodoris willani,Doridida,Chromodorididae,Doris de Willan,558217
chromodoris-sp.-1,Chromodoris sp. 1,Doridida,Chromodorididae,,137782
chromodoris-sp.-4,Chromodoris sp. 4,Doridida,Chromodorididae,,137782
chromodoris-sp.-7,Chromodoris sp. 7,Doridida,Chromodorididae,,137782
colpodaspis-thompsoni,▪️ Colpodaspis thompsoni,Cephalaspidea,Colpodaspididae,,509679
costasiella-kuroshimae,Costasiella kuroshimae,Sacoglossa,Costasiellidae,,494655
costasiella-sp.-1,Costasiella sp. 1,Sacoglossa,Costasiellidae,,137845
costasiella-sp.-2,Costasiella sp. 2,Sacoglossa,Costasiellidae,,137845
costasiella-sp.-3,Costasiella sp. 3,Sacoglossa,Costasiellidae,,137845
costasiella-sp.-4,▪️ Costasiella sp. 4,Sacoglossa,Costasiellidae,,
costasiella-sp.-5,Costasiella sp. 5,Sacoglossa,Costasiellidae,,137845
cratena-affinis,▪️ Cratena affinis,Aeolida,Facelinidae,,
cratena-sp.-1,Cratena sp. 1,Aeolida,Facelinidae,,146861
cratena-sp.-2,Cratena sp.2,Aeolida,Facelinidae,,146861
crosslandia-sp.1,▪️ Crosslandia sp.1,Sacoglossa,Scyllaeidae,,
crosslandia-sp.2,▪️ Crosslandia sp.2,Sacoglossa,Scyllaeidae,,
cyerce-bourbonica,▪️ Cyerce bourbonica,Sacoglossa,Caliphyllidae,,599819
cyerce-elegans,Cyerce elegans,Sacoglossa,Caliphyllidae,,494512
cyerce-nigricans,Cyerce nigricans,Sacoglossa,Caliphyllidae,,494516
cyerce-pavonina,▪️ Cyerce Pavonina,Sacoglossa,Caliphyllidae,,494517
cyerce-sp.1,▪️ Cyerce sp.1,Sacoglossa,Caliphyllidae,,
cylindrobulla-sp.1,▪️ Cylindrobulla sp.1,Sacoglossa,Cylindrobullidae,,
cylindrobulla-sp.2,▪️ Cylindrobulla sp.2,Sacoglossa,Cylindrobullidae,,
cylindrobulla-sp.3,▪️ Cylindrobulla sp.3,Sacoglossa,Cylindrobullidae,,
dendrodoris-carbunculosa,Dendrodoris carbunculosa,Doridida,Dendrodorididae,,738443
dendrodoris-coronata,▪️ Dendrodoris coronata,Doridida,Dendrodorididae,,537018
dendrodoris-elongata,Dendrodoris elongata,Doridida,Dendrodorididae,,533873
dendrodoris-nigra,Dendrodoris nigra,Doridida,Dendrodorididae,,139519
dendrodoris-tuberculosa,Dendrodoris tuberculosa,Doridida,Dendrodorididae,,537016
dermatobranchus-fortunatus,▪️ Dermatobranchus fortunatus,Arminida,Arminidae,,558942
dermatobranchus-cf.-albus,▪️ Dermatobranchus cf. albus,Arminida,Arminidae,,
dermatobranchus-sp.-1,Dermatobranchus sp. 1,Arminida,Arminidae,,531811
diaphorodoris-sp.-1,▪️ Diaphorodoris sp.1,Doridida,Diaphorodorididae,,
diniatys-dentifer,Diniatys dentifer,Cephalaspidea,Haminoeidae,,599459
diniatys-dubius,Diniatys dubius,Cephalaspidea,Haminoeidae,,599460
discodorid-sp.-1-non-identifié,Discodorid 1 non identifié,Doridida,Discodorididae,,
discodorid-sp.-2-non-identifié,Discodorid 2 non identifié,Doridida,Discodorididae,,
discodorid-sp.-3-non-identifié,Discodorid 3 non identifié,Doridida,Discodorididae,,
discodorid-sp.-4-non-identifié,Discodorid 4 non identifié,Doridida,Discodorididae,,
discodorid-sp.-5-non-identifié,▪️ Discodorid sp.5 non identifié,Doridida,Discodorididae,,
discodorid-sp.-6-non-identifié,▪️ Discodorid sp.6 non identifié,Doridida,Discodorididae,,
discodorid-sp.-7-non-identifié,▪️ Discodorid sp.7 non identifié,Doridida,Discodorididae,,
discodorid-sp.-8-non-identifié,▪️ Discodorid sp.8 non identifié,Doridida,Discodorididae,,
discodorid-sp.-9-non-identifié,▪️ Discodorid sp.9 non identifié,Doridida,Discodorididae,,
discodorid-sp.-10-non-identifié,▪️ Discodorid sp.10 non identifié,Doridida,Discodorididae,,
discodorid-sp.-11-non-identifié,▪️ Discodorid sp.11 non identifié,Doridida,Discodorididae,,
discodorid-sp.-12-non-identifié,▪️ Discodorid sp.12 non identifié,Doridida,Discodorididae,,
discodorid-sp.-13-non-identifié,▪️ Discodorid sp.13 non identifié,Doridida,Discodorididae,,
diversidoris-flava,Diversidoris flava,Doridida,Chromodorididae,,866662
dolabella-auricularia,Dolabella auricularia,Aplysiida,Aplysiidae,,138754
dolabrifera-cf-dolabrifera,Dolabrifera cf dolabrifera,Aplysiida,Dolabriferidae,,
dorid-non-identifié-sp.-1,▪️ Dorid non identifié sp.1,Doridida,,,
dorid-non-identifié-sp.-2,▪️ Dorid non identifié sp.2,Doridida,,,
doris-granulosa,▪️ Doris granulosa,Doridida,Dorididae,,139622
doris-pecten,Doris pecten,Doridida,Dorididae,,139623
doris-sp.-1,▪️ Doris sp.1,Doridida,Dorididae,,
doris-viridis,▫️Doris viridis,Doridida,Dorididae,,
doriprimatica-sibogae,Doriprismatica sibogae,Doridida,Chromodorididae,,558665
doto-sp.-1,▪️ Doto sp.1,Dendronotida,Dotidae,,
elysia-degeneri,▪️ Elysia degeneri,Sacoglossa,Plakobranchidae,,494438
elysia-nealae,▪️ Elysia nealae,Sacoglossa,Plakobranchidae,,494460
elysia-nigropunctata,Elysia nigropunctata,Sacoglossa,Plakobranchidae,,494437
elysia-marginata,Elysia marginata,Sacoglossa,Plakobranchidae,,494451
elysia-obtusa,▪️ Elysia obtusa,Sacoglossa,Plakobranchidae,,494445
elysia-pusilla,Elysia pusilla,Sacoglossa,Plakobranchidae,,494435
elysia-rufescens,Elysia rufescens,Sacoglossa,Plakobranchidae,,494452
elysia-tomentosa,▫️ Elysia tomentosa,Sacoglossa,Plakobranchidae,,494439
elysia-sp.-1,Elysia sp. 1,Sacoglossa,Plakobranchidae,,137928
elysia-sp.-2,Elysia sp. 2,Sacoglossa,Plakobranchidae,,137928
elysia-sp.-3,Elysia sp. 3,Sacoglossa,Plakobranchidae,,137928
elysia-sp.-4,Elysia sp. 4,Sacoglossa,Plakobranchidae,,137928
elysia-sp.-5,Elysia sp. 5,Sacoglossa,Plakobranchidae,,137928
elysia-sp.-6,Elysia sp. 6,Sacoglossa,Plakobranchidae,,137928
elysia-sp.-7,Elysia sp. 7,Sacoglossa,Plakobranchidae,,137928
elysia-sp.-8,Elysia sp. 8,Sacoglossa,Plakobranchidae,,137928
elysia-sp.-9,Elysia sp. 9,Sacoglossa,Plakobranchidae,,137928
elysia-sp.-10,Elysia sp. 10,Sacoglossa,Plakobranchidae,,137928
elysia-sp.-11,Elysia sp. 11,Sacoglossa,Plakobranchidae,,137928
elysia-sp.-12,▪️ Elysia sp. 12,Sacoglossa,Plakobranchidae,,
elysia-sp.-13,▪️ Elysia sp.13,Sacoglossa,Plakobranchidae,,
elysia-sp.-15,▪️ Elysia sp. 15,Sacoglossa,Plakobranchidae,,
elysia-sp.-16,▪️ Elysia sp.16,Sacoglossa,Plakobranchidae,,
elysia-sp.-17,▪️ Elysia sp.17,Sacoglossa,Plakobranchidae,,
elysia-sp.-18,▪️ Elysia sp.18,Sacoglossa,Plakobranchidae,,
elysia-sp.-19,▪️ Elysia sp.19,Sacoglossa,Plakobranchidae,,
elysia-sp.-20,▪️ Elysia sp.20,Sacoglossa,Plakobranchidae,,
elysia-sp.-21,▪️ Elysia sp.21,Sacoglossa,Plakobranchidae,,
elysia-sp.-22,▪️ Elysia sp.22,Sacoglossa,Plakobranchidae,,
elysia-sp.-23,▪️ Elysia sp.23,Sacoglossa,Plakobranchidae,,
elysia-sp.24,▫️Elysia sp.24,Sacoglossa,Plakobranchidae,,
elysia-sp.25,▫️Elysia sp.25,Sacoglossa,Plakobranchidae,,
embletonia-gracilis,▪️ Embletonia gracilis,Aeolida,Embletoniidae,,534076
ercolania-sp.1,▪️ Ercolania sp.1,Sacoglossa,Limapontiidae,,
ercolania-anellyleorum,▪️ Ercolania anellyleorum,Sacoglossa,Limapontiidae,,494681
eubranchus-sp.-1,▪️ Eubranchus sp.1,Aeolida,Eubranchidae,,
eubranchus-sp.-2,▪️ Eubranchus sp.2,Aeolida,Eubranchidae,,
eubranchus-sp.-3,▪️ Eubranchus sp.3,Aeolida,Eubranchidae,,
eubranchus-sp.-4,▪️ Eubranchus sp.4,Aeolida,Eubranchidae,,
eubranchus-sp.-5,▪️ Eubranchus sp.5,Aeolida,Eubranchidae,,
eubranchus-sp.-6,▪️ Eubranchus sp.6,Aeolida,Eubranchidae,,
eubranchus-sp.-7,▪️ Eubranchus sp.7,Aeolida,Eubranchidae,,
eubranchus-sp.-8,▪️ Eubranchus sp.8,Aeolida,Eubranchidae,,
eubranchus-sp.-9,▪️ Eubranchus sp.9,Aeolida,Eubranchidae,,
eubranchus-sp.10,▫️Eubranchus sp.10,Aeolida,Eubranchidae,,
eubranchus-sp.11,▫️Eubranchus sp.11,Aeolida,Eubranchidae,,
eubranchus-sp.12,▪️ Eubranchus sp.12,Aeolida,Eubranchidae,,
facellina-sp.1,Facellina sp.1,Aeolida,Facelinidae,,
facelinid-non-identifié-sp.-1,Facelinid non identifié sp.1,Aeolida,Facelinidae,,
facelinid-non-identifié-sp-.2,▪️ Facelinid non identifié sp.2,Aeolida,Facelinidae,,
facelinid-non-identifié-sp.-4,▪️ Facelinid non identifié sp.4,Aeolida,Facelinidae,,
facelinid-non-identifié-sp.5,▪️ Facelinid non identifié sp.5,Aeolida,Facelinidae,,
favorinus-japonicus,Favorinus japonicus,Aeolida,Facelinidae,,599288
favorinus-sp.-1,Favorinus sp.1,Aeolida,Facelinidae,,138006
favorinus-sp.-2,▪️ Favorinus sp.2,Aeolida,Facelinidae,,
favorinus-sp.-3,▪️ Favorinus sp. 3,Aeolida,Facelinidae,,
favorinus-sp.-4,▪️ Favorinus sp.4,Aeolida,Facelinidae,,
flabellina-exoptata,Flabellina exopata,Aeolida,Flabellinidae,,1047492
flabellina-rubrolineata,Flabellina rubrolineata,Aeolida,Flabellinidae,,139995
flabellina-sp.-1,Flabellina sp. 1,Aeolida,Flabellinidae,,138019
flabellina-sp.-2,Flabellina sp. 2,Aeolida,Flabellinidae,,138019
flabellina-sp.-3,Sea slugs of Tahiti and French Polynesia,Aeolida,Flabellinidae,,
flabellina-sp.4,▫️Flabellina sp.4,Aeolida,Flabellinidae,,
gastropteron-minutum,▪️ Gastropteron minutum,Cephalaspidea,Gastropteridae,,991531
glaucus-atlanticus,▪️ Glaucus atlanticus,Aeolida,Glaucidae,,140022
goniobranchus-albonares,Goniobranchus albonares,Doridida,Chromodorididae,,597346
goniobranchus-albopunctatus,Goniobranchus albopunctatus,Doridida,Chromodorididae,,565620
goniobranchus-decorus,Goniobranchus decorus,Doridida,Chromodorididae,,597332
goniobranchus-cf.-geometricus,Chromodoris cf geometrica,Doridida,Chromodorididae,,
goniobranchus-kuniei,Goniobranchus kuniei,Doridida,Chromodorididae,,597339
goniobranchus-cf.-reticulatus,Goniobranchus cf. reticulatus,Doridida,Chromodorididae,,
goniobranchus-verrieri,Goniobranchus verrieri,Doridida,Chromodorididae,,597344
goniobranchus-sp.-1,Goniobranchus sp. 1,Doridida,Chromodorididae,,558453
goniobranchus-sp.-2,Goniobranchus sp. 2,Doridida,Chromodorididae,,558453
goniobranchus-sp.3,Goniobranchus sp.3,Doridida,Chromodorididae,,558453
goniobranchus-sp.4,Goniobranchus sp.4,Doridida,Chromodorididae,,558453
goniodoridella-unidonta,▪️ Goniodoridella unidonta,Doridida,Goniodorididae,,1719457
goniodoridella-sp.3,▪️ Goniodoridella sp. 3,Doridida,Goniodorididae,,
goniodoridella-sp.4,▪️ Goniodoridella sp.4,Doridida,Goniodorididae,,
goniodoridella-sp.5,▪️ Goniodoridella sp.5,Doridida,Goniodorididae,,
glossodoris-cincta,Glossodoris cincta,Doridida,Chromodorididae,,214506
glossodoris-hikuerensis,Glossodoris hikuerensis,Doridida,Chromodorididae,,559949
glossodoris-rufomarginata,Glossodoris rufomarginata,Doridida,Chromodorididae,,559960
gymnodoris-alba,Gymnodoris alba,Doridida,Polyceridae,,533866
gymnodoris-ceylonica,Gymnodoris ceylonica,Doridida,Polyceridae,Gymnodoris de Ceylan,214544
gymnodoris-cf-citrina,▪️ Gymnodoris cf citrina,Doridida,Polyceridae,,
gymnodoris-inornata,Gymnodoris inornata,Doridida,Polyceridae,,214545
gymnodoris-sp.-1,Gymnodoris sp. 1,Doridida,Polyceridae,,206395
gymnodoris-sp.-2,▪️ Gymnodoris sp.2,Doridida,Polyceridae,,
gymnodoris-sp.-3,Gymnodoris sp. 3,Doridida,Polyceridae,,206395
gymnodoris-sp.-4,▪️ Gymnodoris sp.4,Doridida,Polyceridae,,
gymnodoris-sp.-5,Gymnodoris sp. 5,Doridida,Polyceridae,,206395
gymnodoris-sp.-6,▪️ Gymnodoris sp.6,Doridida,Polyceridae,,
gymnodoris-sp.-7,▪️ Gymnodoris sp.7,Doridida,Polyceridae,,
gymnodoris-sp.-8,▪️ Gymnodoris sp.8,Doridida,Polyceridae,,
gymnodoris-sp.-9,▪️ Gymnodoris sp.9,Doridida,Polyceridae,,
hallaxa-cryptica,▪️ Hallaxa cryptica,Doridida,Actinocyclidae,,
hallaxa-iju,▫️Hallaxa iju,Doridida,Actinocyclidae,,
hallaxa-paulinae,▪️ Hallaxa paulinae,Doridida,Actinocyclidae,,
hallaxa-sp.-2,▪️ Hallaxa sp.2,Doridida,Actinocyclidae,,
hallaxa-sp.-3,▪️ Hallaxa sp.3,Doridida,Actinocyclidae,,
halgerda-brunneomaculata,Halgerda brunneomaculata,Doridida,Discodorididae,,599499
halgerda-willeyi,Halgerda willeyi,Doridida,Discodorididae,,221077
halgerda-sp.1,▫️Halgerda sp.1,Doridida,Discodorididae,,
halgerda-sp.2,Halgerda sp.2,Doridida,Discodorididae,,205320
haloa-crocata,▪️ Haloa Crocata,Cephalaspidea,Haminoeidae,,
haloa-sp.-1,▪️ Haloa sp.1,Cephalaspidea,Haminoeidae,,
haloa-wallisi,▫️Haloa wallisi,Cephalaspidea,Haminoeidae,,
haminoea-cymbalum,Haminoea cymbalum,Cephalaspidea,Haminoeidae,,214538
haminoea-cf-natalensis,Haminoea cf natalensis,Cephalaspidea,Haminoeidae,,
haminoea-sp.-1,▪️ Haminoea sp.1,Cephalaspidea,Haminoeidae,,
haminoeid-sp.1-lt,▪️ Haminoeid sp.1 Lt,Cephalaspidea,Haminoeidae,,
haminoeid-sp.2,▪️ Haminoeid sp.2,Cephalaspidea,Haminoeidae,,
haminoeid-sp.3,▪️ Haminoeid sp.3,Cephalaspidea,Haminoeidae,,
haminoeid-sp.4,▫️Haminoeid sp.4,Cephalaspidea,Haminoeidae,,
hancockia-sp.1,▪️ Hancockia sp.1,Dendronotida,Hancockiidae,,
hancockia-sp.2,▪️ Hancockia sp.2,Dendronotida,Hancockiidae,,
hancockia-sp.3,▪️Hancockia sp.3,Dendronotida,Hancockiidae,,
hermaea-sp.1,▪️ Hermaea sp.1,Sacoglossa,Hermaeidae,,
herviella-albida,▪️ Herviella albida,Aeolida,Facelinidae,,
herviella-mietta,▪️ Herviella mietta,Aeolida,Facelinidae,,
herviella-yatsui,▪️ Herviella yatsui,Aeolida,Facelinidae,,
herviella-sp.-1,▪️ Herviella sp.1,Aeolida,Facelinidae,,
hexabranchus-sp.-1,Hexabranchus sp. 1,Doridida,Hexabranchidae,,206859
hexabranchus-sp.-2,Hexabranchus sp. 2,Doridida,Hexabranchidae,,206859
hydatina-physis,Hydatina physis,Cephalaspidea,Aplustridae,,215423
hypselodoris-bertschi,▪️ Hypselodoris bertschi,Doridida,Chromodorididae,,
hypselodoris-imperialis,▪️ Hypselodoris imperialis,Doridida,Chromodorididae,,
hypselodoris-maculosa,Hypselodoris maculosa,Doridida,Chromodorididae,,209597
hypselodoris-sp.-1,▪️ Hypselodoris sp.1,Doridida,Chromodorididae,,
hypselodoris-tryoni,Hypselodoris tryoni,Doridida,Chromodorididae,,558646
hypselodoris-whitei,Hypselodoris whitei,Doridida,Chromodorididae,,560037
hypselodoris-zephyra,Hypselodoris zephyra,Doridida,Chromodorididae,,457531
janolus-mirabilis,▪️ Janolus mirabilis,Dendronotida,Janolidae,,
jorunna-funebris,▫️ Jorunna funebris,Doridida,Discodorididae,Doris funèbre,
jorunna-parva,▪️ Jorunna parva,Doridida,Discodorididae,,533935
jorunna-sp.-1,Jorunna sp. 1,Doridida,Discodorididae,,138098
julia-exquisita,▪️ Julia exquisita,Sacoglossa,Juliidae,,215227
julia-sp.1,▪️ Julia sp.1,Sacoglossa,Juliidae,,
julia-sp.2,▫️Julia sp.2,Sacoglossa,Juliidae,,
kaloplocamus-sp.-1,Kaloplocamus sp.,Doridida,Polyceridae,,138567
julia-zebra,▪️ Julia Zebra,Sacoglossa,Juliidae,,492585
kaloplocamus-sp.-2,Kaloplocamus sp. 2,Doridida,Polyceridae,,138567
kaloplocamus-sp.-3,Kaloplocamus sp. 3,Doridida,Polyceridae,,138567
lamprohaminoea-cf-ovalis,Lamprohaminoea cf ovalis,Cephalaspidea,Haminoeidae,,
lamprohaminoea-ovalis,▪️ Lamprohaminoea ovalis,Cephalaspidea,Haminoeidae,,
liloa-curta,Liloa curta,Cephalaspidea,Haminoeidae,,599462
liloa-sp.-1,▪️ Liloa sp.1,Cephalaspidea,Haminoeidae,,
liloa-sp.-2,▪️ Liloa sp.2,Cephalaspidea,Haminoeidae,,
liloa-sp.-3,▫️ Liloa sp.3,Cephalaspidea,Haminoeidae,,
limenandra-confusa,▪️ Limenandra confusa,Aeolida,Facelinidae,,
limenandra-fusiformis,Baeolidia fusiformis,Aeolida,Facelinidae,,591276
limenandra-rosanae,Limenandra rosanae,Aeolida,Facelinidae,,754608
lobiger-viridis,Lobiger viridis,Sacoglossa,Oxynoidae,,494421
madrella-ferruginosa,▪️ Madrella ferruginosa,Aeolida,Madrellidae,,
mariaglaja-cf-sandrana,Mariaglaja cf sandrana,Cephalaspidea,Aglajidae,,
marianina-rosea,▪️ Marianina rosea,Dendronotida,Tritoniidae,,
melibe-engeli,Melibe engeli,Dendronotida,Tethydidae,,593362
mexichromis-lemniscata,Mexichromis lemniscata,Doridida,Chromodorididae,,597878
mexichromis-pusilla,▪️ Mexichromis pusilla,Doridida,Chromodorididae,,
micromelo-scriptus,Micromelo scriptus,Cephalaspidea,Aplustridae,,1523204
moridilla-sp.-1,▪️ Moridilla sp.1,Aeolida,Facelinidae,,
mourgona-sp.1,▪️ Mourgona sp.1,Sacoglossa,Caliphyllidae,,
mourgona-sp.2,▪️ Mourgona sp.2,Sacoglossa,Caliphyllidae,,
murphydoris-puncticulata,▪️ Murphydoris puncticulata,Doridida,Goniodorididae,,
niparaya-cf-regiscorona,▪️ Niparaya cf regiscorona,Doridida,Aegiridae,,
noumeaella-sp.-1,▪️ Noumeaella sp.1,Aeolida,Facelinidae,,
noumeaella-rehderi,Noumeaella rehderi,Aeolida,Facelinidae,,872487
okenia-pellucida,Okenia pellucida,Doridida,Goniodorididae,,397158
okenia-sp.-1,Okenia sp. 1,Doridida,Goniodorididae,,138042
okenia-sp.-2,▪️ Okenia sp.2,Doridida,Goniodorididae,,
okenia-sp.-3,▪️ Okenia sp.3,Doridida,Goniodorididae,,
okenia-sp.-4,▪️ Okenia sp.4,Doridida,Goniodorididae,,
oxynoe-cf-alicia,▪️ Oxynoe cf alicia,Sacoglossa,Oxynoidae,,
oxynoe-kylei,Oxynoe kylei,Sacoglossa,Oxynoidae,,1293522
oxynoe-cf-viridis,Oxynoe cf viridis,Sacoglossa,Oxynoidae,,
oxynoe-jacksoni,▪️ Oxynoe jacksoni,Sacoglossa,Oxynoidae,,
oxynoe-jordani,▪️ Oxynoe jordani,Sacoglossa,Oxynoidae,,
oxynoe-sp.-1,▪️ Oxynoe sp.1,Sacoglossa,Oxynoidae,,
oxynoe-sp.-2,▪️ Oxynoe sp. 2,Sacoglossa,Oxynoidae,,
oxynoe-sp.-3,▫️Oxynoe sp.3,Sacoglossa,Oxynoidae,,
paradoris-sp.1,▪️ Paradoris sp.1,Doridida,Discodorididae,,
paradoris-sp.2,Paradoris sp.2,Doridida,Discodorididae,,137899
peltodoris-fellowsi,▪️ Peltodoris fellowsi,Doridida,Discodorididae,,
petalifera-sp.1,Petalifera sp.1,Aplysiida,Aplysiidae,,137903
phanerophthalmus-albocollaris,Phanerophthalmus cf albocollaris,Cephalaspidea,Haminoeidae,,
phanerophthalmus-cylindricus,Phanerophthalmus cylindricus,Cephalaspidea,Haminoeidae,,715655
phanerophthalmus-sp.1,Phanerophthalmus sp.1,Cephalaspidea,Haminoeidae,,599465
phanerophthalmus-sp.2,▪️ Phanerophthalmus sp.2,Cephalaspidea,Haminoeidae,,
phanerophthalmus-sp.3,▪️ Phanerophthalmus sp.3,Cephalaspidea,Haminoeidae,,
phanerophthalmus-sp.4,▪️ Phanerophthalmus sp.4,Cephalaspidea,Haminoeidae,,
phidiana-salaamica,Phidiana salaamica,Aeolida,Facelinidae,,578327
philine-orca,▪️ Philine Orca,Cephalaspidea,Philinidae,,
philine-rubrata,▪️ Philine rubrata,Cephalaspidea,Philinidae,,
philine-sp.1,▪️ Philine sp.1,Cephalaspidea,Philinidae,,
philine-sp.2,▪️ Philine sp.2,Cephalaspidea,Philinidae,,
philinopsis-speciosa,Philinopsis speciosa,Cephalaspidea,Aglajidae,,559039
phycophila-euchlora,▪️ Phycophila euchlora,Aplysiida,Aplysiidae,,
phyllaplisia-lafonti,▪️ Phyllaplisia lafonti,Aplysiida,Aplysiidae,,
phyllidia-cf.-carlsonhoffi,Phyllidia cf. carlsonhoffi,Doridida,Phyllidiidae,,
phyllidia-cf.-ocellata,Phyllidia cf. ocellata,Doridida,Phyllidiidae,,
phyllidia-sp.-1,Phyllidia sp. 1,Doridida,Phyllidiidae,,138347
phyllidiella-cf.-annulata,Phyllidiella cf. annulata,Doridida,Phyllidiidae,,
phyllidiella-pustulosa,Phyllidiella pustulosa,Doridida,Phyllidiidae,,536574
phyllidiella-rosans,Phyllidiella rosans,Doridida,Phyllidiidae,,536695
phylliroe-bucephalum,Phylliroe bucephalum,Dendronotida,Phylliroidae,,140778
phyllodesmium-sp.-1,Phyllodesmium sp.1,Aeolida,Facelinidae,,204424
placida-kevinleei,▪️ Placida kevinleei,Sacoglossa,Limapontiidae,,
placida-sp.1,▪️ Placida sp.1,Sacoglossa,Limapontiidae,,
placida-sp.2,▪️ Placida sp.2,Sacoglossa,Limapontiidae,,
plakobranchus-ocellatus,Plakobranchus ocellatus,Sacoglossa,Plakobranchidae,,451657
plakobranchus-sp.1,▫️Plakobranchus sp.1,Sacoglossa,Plakobranchidae,,
platydoris-cruenta,▪️ Platydoris cruenta,Doridida,Discodorididae,,
platydoris-scabra,▪️ Platydoris scabra,Doridida,Discodorididae,,
platydoris-sp.1,Platydoris sp.1,Doridida,Discodorididae,,138358
platydoris-sp.2,Platydoris sp. 2,Doridida,Discodorididae,,138358
platydoris-sp.3,▪️ Platydoris sp.3,Doridida,Discodorididae,,
pleurehdera-haraldi,▪️ Pleurehdera haraldi,Pleurobranchida,Pleurobranchidae,,
pleurobranchus-albiguttatus,Pleurobranchus albiguttatus,Pleurobranchida,Pleurobranchidae,,599473
pleurobranchus-grandis,Pleurobranchus grandis,Pleurobranchida,Pleurobranchidae,,599475
pleurobranchus-peroni,▪️ Pleurobranchus peroni,Pleurobranchida,Pleurobranchidae,,
plocamopherus-ceylonicus,▪️ Plocamopherus ceylonicus,Doridida,Polyceridae,,
plocamopherus-cf.-telesii,Plocamopherus cf. telesii,Doridida,Polyceridae,,
polybranchia-orientalis,▪️ Polybranchia orientalis,Sacoglossa,Caliphyllidae,,
polycera-japonica,Polycera japonica,Doridida,Polyceridae,,531368
polycera-sp.1,▪️ Polycera sp.1,Doridida,Polyceridae,,
protaeolidia-juliae,Protaeolidia juliae,Aeolida,Facelinidae,,
pteraeolidia-ianthina,Pteraeolidia ianthina,Aeolida,Facelinidae,,213527
roboastra-gracilis,Roboastra gracilis,Doridida,Polyceridae,,531059
rostanga-sp.1,▪️ Rostanga sp.1,Doridida,Dorididae,,
rostanga-sp.2,▪️ Rostanga sp.2,Doridida,Dorididae,,
roxaniella-pittmani,▪️ Roxaniella pittmani,Cephalaspidea,Philinidae,,
runcina-sp.-1,▪️ Runcina sp. 1,Runcinida,Runcinidae,,
sagaminopteron-cf-pohnpei,▪️ Sagaminopteron cf pohnpei,Cephalaspidea,Gastropteridae,,
sagaminopteron-psychedelicum,Sagaminopteron psychedelicum,Cephalaspidea,Gastropteridae,,599450
samla-bicolor,Samla bicolor,Aeolida,Samlidae,,766653
sclerodoris-tuberculata,Sclerodoris tuberculata,Doridida,Discodorididae,,209606
scyllae-sp.-1,Scyllae sp.1,Dendronotida,Scyllaeidae,,
siphopteron-brunneomarginatum,▪️ Siphopteron brunneomarginatum,Cephalaspidea,Gastropteridae,,
siphopteron-flavum,▪️ Siphopteron flavum,Cephalaspidea,Gastropteridae,,
siphopteron-nigromarginatum,▪️ Siphopteron nigromarginatum,Cephalaspidea,Gastropteridae,,
siphopteron-sp.1,Siphopteron sp.1,Cephalaspidea,Gastropteridae,,391593
smaragdinella-calyculata,▪️ Smaragdinella calyculata,Cephalaspidea,Haminoeidae,,
spinoaglaja-orientalis,spinoaglaja-orientalis,Cephalaspidea,Aglajidae,,
stiliger-sp.-1,Stiliger sp.,Sacoglossa,Limapontiidae,,138525
stiliger-sp.-2,Stiliger sp. 2,Sacoglossa,Limapontiidae,,138525
stiliger-sp.3,▪️ Stiliger sp.3,Sacoglossa,Limapontiidae,,
stylocheilus-striatus,Stylocheilus striatus,Aplysiida,Aplysiidae,,224662
stylocheilus-longicauda,Stylocheilus longicauda,Aplysiida,Aplysiidae,,217246
tambja-amakusana,Tambja amakusana,Doridida,Polyceridae,,531195
tambja-morosa,Tambja morosa,Doridida,Polyceridae,,531173
tayuva-lilacina,Tayuva lilacina,Doridida,Discodorididae,,578710
tenellia-lugubris,Tenellia lugubris,Aeolida,Trinchesiidae,,890628
tenellia-minor,▪️ Tenellia minor,Aeolida,Trinchesiidae,,
tenellia-melanobranchia,Tenellia melanobranchia,Aeolida,Trinchesiidae,,
tenellia-cf-pinnifera,Tenellia cf pinnifera,Aeolida,Trinchesiidae,,
tenellia-poritophages,▪️ Tenellia poritophages,Aeolida,Trinchesiidae,,
tenellia-sp.-1,Tenellia sp.1,Aeolida,Trinchesiidae,,138545
tenellia-sp.-2,▪️ Tenellia sp. 2,Aeolida,Trinchesiidae,,
tenellia-sp.-3,Tenellia sp. 3,Aeolida,Trinchesiidae,,138545
tenellia-sp.-4,▪️ Tenellia sp.4,Aeolida,Trinchesiidae,,
tenellia-sp.-5,▪️ Tenellia sp.5,Aeolida,Trinchesiidae,,
tenellia-sp.-6,▪️ Tenellia sp.6,Aeolida,Trinchesiidae,,
tenellia-sp.-7,▪️ Tenellia sp.7,Aeolida,Trinchesiidae,,
tenellia-sp.-8,▪️ Tenellia sp.8,Aeolida,Trinchesiidae,,
tenellia-sp.-9,▪️ Tenellia sp.9,Aeolida,Trinchesiidae,,
tenellia-sp.-10,▪️ Tenellia sp.10,Aeolida,Trinchesiidae,,
tenellia-sp.-11,▪️ Tenellia sp.11,Aeolida,Trinchesiidae,,
tenellia-sp.-13,▪️ Tenellia sp.13,Aeolida,Trinchesiidae,,
tenellia-sp.-14,▪️ Tenellia sp.14,Aeolida,Trinchesiidae,,
tenellia-sp.-15,▪️ Tenellia sp.15,Aeolida,Trinchesiidae,,
tenellia-sp.-21,Tenellia sp.21,Aeolida,Trinchesiidae,,138545
tenellia-sp.-22,▪️ Tenellia sp.22,Aeolida,Trinchesiidae,,
tergiposacca-longicerata,▪️ Tergiposacca longicerata,Aeolida,Trinchesiidae,,
thecacera-pacifica,Thecacera pacifica,Doridida,Polyceridae,,420618
thordisa-albomacula,Thordisa albomacula,Doridida,Discodorididae,,457027
thordisa-cf-tahala,Thordisa cf tahala,Doridida,Discodorididae,,
thordisa-luteola,Thordisa luteola,Doridida,Discodorididae,,457028
thordisa-sp.-1,▪️ Thordisa sp.1,Doridida,Discodorididae,,
thordisa-sp.-2,▪️ Thordisa sp.2,Doridida,Discodorididae,,
thorunna-daniellae,Thorunna daniellae,Doridida,Chromodorididae,,558680
thorunna-florens,Thorunna florens,Doridida,Chromodorididae,,558678
thorunna-cf-halourga,Thorunna cf halourga,Doridida,Chromodorididae,,
thorunna-purpuropedis,Thorunna purpuropedis,Doridida,Chromodorididae,,559979
thorunna-sp.-1,Thorunna sp. 1,Doridida,Chromodorididae,,456530
thorunna-sp.-2,Thorunna sp. 2,Doridida,Chromodorididae,,456530
thorunna-sp.-3,▪️ Thorunna sp.3,Doridida,Chromodorididae,,
thorunna-sp.-4,▪️ Thorunna sp.4,Doridida,Chromodorididae,,
thuridilla-carlsoni,Thuridilia carlsoni,Sacoglossa,Plakobranchidae,,
thuridilla-gracilis,▪️ Thuridilla gracilis,Sacoglossa,Plakobranchidae,,
thuridilla-kathae,▪️ Thuridilla kathae,Sacoglossa,Plakobranchidae,,
thuridilla-livida,▪️ Thuridilla livida,Sacoglossa,Plakobranchidae,,
thuridilla-cf-neona,▪️ Thuridilla cf. neona,Sacoglossa,Plakobranchidae,,
thuridilla-vataae,Thuridilla vataae,Sacoglossa,Plakobranchidae,,494507
thuridilla-sp.-1,Thuridilla sp.1,Sacoglossa,Plakobranchidae,,137929
trapania-cf-aurata,Trapania cf aurata,Doridida,Goniodorididae,,
trapania-euryeia,▪️ Trapania euryeia,Doridida,Goniodorididae,,
trapania-squama,Trapania squama,Doridida,Goniodorididae,,457517
trapania-sp.-2,▪️ Trapania sp.2,Doridida,Goniodorididae,,
trapania-sp.-3,Trapania sp. 3,Doridida,Goniodorididae,,138043
tubulophilinopsis-pilsbryi,Tubulophilinopsis pilsbryi,Cephalaspidea,Aglajidae,,1055261
tylodina-sp.1,tylodina-sp#1,Umbraculida,Tylodinidae,,
vayssierea-felis,▪️ Vayssierea felis,Doridida,Vayssiereidae,,
vellicolla-amphorella,▪️ Vellicolla amphorella,Cephalaspidea,Haminoeidae,,
vellicola-sp.1,▪️ Vellicolla sp.1,Cephalaspidea,Haminoeidae,,
verconia-simplex,Verconia simplex,Doridida,Chromodorididae,,866663
verconia-sp.2,▪️ Verconia sp.2,Doridida,Chromodorididae,,
verconia-varians,▪️ Verconia varians,Doridida,Chromodorididae,,
volvatella-sp.1,▪️ Volvatella sp.1,Sacoglossa,Volvatellidae,,
volvatella-vigourouxi,Volvatella vigourouxi,Sacoglossa,Volvatellidae,,494417
